{"cameraMode":{"drawMode":0,"name":"Shaded","section":"Shading Mode"},"sceneLighting":true,"audioPlay":false,"sceneViewState":{"showFog":false,"showMaterialUpdate":false,"showSkybox":false,"showFlares":false,"showImageEffects":false,"showParticleSystems":false},"in2DMode":false,"pivot":{"x":-1.0498275756835938,"y":0.416716068983078,"z":4.172370433807373},"rotation":{"x":-0.0029936742503196,"y":0.4260273575782776,"z":-0.0014113408979028464,"w":-0.9047096967697144},"size":8.798136711120606,"orthographic":false}