{"cameraMode":{"drawMode":0,"name":"Shaded","section":"Shading Mode"},"sceneLighting":true,"audioPlay":false,"sceneViewState":{"showFog":true,"showMaterialUpdate":false,"showSkybox":false,"showFlares":true,"showImageEffects":true,"showParticleSystems":true},"in2DMode":false,"pivot":{"x":0.2559875249862671,"y":-0.06192084401845932,"z":-0.7638846635818481},"rotation":{"x":-0.018236035481095315,"y":0.08896435797214508,"z":-0.0016291252104565502,"w":-0.995866596698761},"size":5.397017478942871,"orthographic":false}