{"cameraMode":{"drawMode":0,"name":"Shaded","section":"Shading Mode"},"sceneLighting":true,"audioPlay":false,"sceneViewState":{"showFog":true,"showMaterialUpdate":false,"showSkybox":false,"showFlares":true,"showImageEffects":true,"showParticleSystems":true},"in2DMode":false,"pivot":{"x":0.1644291877746582,"y":-1.8816866874694825,"z":0.23279237747192384},"rotation":{"x":-0.10219167917966843,"y":0.3241161108016968,"z":-0.03524288907647133,"w":-0.9398215413093567},"size":1.9069468975067139,"orthographic":false}