{"cameraMode":{"drawMode":0,"name":"Shaded","section":"Shading Mode"},"sceneLighting":true,"audioPlay":false,"sceneViewState":{"showFog":true,"showMaterialUpdate":false,"showSkybox":false,"showFlares":true,"showImageEffects":true,"showParticleSystems":true},"in2DMode":false,"pivot":{"x":4.436215400695801,"y":3.6571121215820314,"z":5.213635444641113},"rotation":{"x":-0.13074077665805818,"y":0.5592027306556702,"z":-0.08984773606061936,"w":-0.8137158751487732},"size":8.14486312866211,"orthographic":false}