{"cameraMode":{"drawMode":0,"name":"Shaded","section":"Shading Mode"},"sceneLighting":false,"audioPlay":false,"sceneViewState":{"showFog":true,"showMaterialUpdate":false,"showSkybox":false,"showFlares":true,"showImageEffects":true,"showParticleSystems":true},"in2DMode":false,"pivot":{"x":-0.5736737251281738,"y":0.35121631622314455,"z":-0.7345925569534302},"rotation":{"x":-0.10304101556539536,"y":0.6666828393936157,"z":-0.09382082521915436,"w":-0.7321992516517639},"size":0.726129949092865,"orthographic":false}