{"cameraMode":{"drawMode":0,"name":"Shaded","section":"Shading Mode"},"sceneLighting":true,"audioPlay":false,"sceneViewState":{"showFog":true,"showMaterialUpdate":false,"showSkybox":false,"showFlares":true,"showImageEffects":true,"showParticleSystems":true},"in2DMode":false,"pivot":{"x":-0.16692018508911134,"y":-6.748294353485107,"z":89.49819946289063},"rotation":{"x":-0.03179604187607765,"y":0.02308342605829239,"z":-0.000734431785531342,"w":-0.9992282390594482},"size":61.778785705566409,"orthographic":false}