{"cameraMode":{"drawMode":0,"name":"Shaded","section":"Shading Mode"},"sceneLighting":true,"audioPlay":false,"sceneViewState":{"showFog":true,"showMaterialUpdate":false,"showSkybox":false,"showFlares":true,"showImageEffects":true,"showParticleSystems":true},"in2DMode":false,"pivot":{"x":-203.28640747070313,"y":121.36231994628906,"z":-164.63629150390626},"rotation":{"x":-0.007807208225131035,"y":-0.024899562820792199,"z":0.00019442682969383895,"w":-0.9996590614318848},"size":111.40093994140625,"orthographic":false}