{"cameraMode":{"drawMode":0,"name":"Shaded","section":"Shading Mode"},"sceneLighting":true,"audioPlay":false,"sceneViewState":{"showFog":true,"showMaterialUpdate":false,"showSkybox":false,"showFlares":true,"showImageEffects":true,"showParticleSystems":true},"in2DMode":false,"pivot":{"x":3.55696439743042,"y":0.1136164665222168,"z":-3.5189437866210939},"rotation":{"x":-0.14677612483501435,"y":0.005041950382292271,"z":-0.0007483725785277784,"w":-0.9891586303710938},"size":4.823413848876953,"orthographic":false}