{"cameraMode":{"drawMode":0,"name":"Shaded","section":"Shading Mode"},"sceneLighting":true,"audioPlay":false,"sceneViewState":{"showFog":true,"showMaterialUpdate":false,"showSkybox":false,"showFlares":true,"showImageEffects":true,"showParticleSystems":true},"in2DMode":false,"pivot":{"x":-3.1356754302978517,"y":-3.6159863471984865,"z":85.16698455810547},"rotation":{"x":-0.12743161618709565,"y":0.2116197794675827,"z":-0.027840837836265565,"w":-0.9686121344566345},"size":31.46109390258789,"orthographic":false}