{"cameraMode":{"drawMode":0,"name":"Shaded","section":"Shading Mode"},"sceneLighting":true,"audioPlay":false,"sceneViewState":{"showFog":true,"showMaterialUpdate":false,"showSkybox":false,"showFlares":true,"showImageEffects":true,"showParticleSystems":true},"in2DMode":false,"pivot":{"x":-0.025008559226989747,"y":-0.11373472213745117,"z":0.6225605010986328},"rotation":{"x":-0.018236035481095315,"y":0.08896435797214508,"z":-0.0016291252104565502,"w":-0.995866596698761},"size":5.397017478942871,"orthographic":false}