{"cameraMode":{"drawMode":0,"name":"Shaded","section":"Shading Mode"},"sceneLighting":true,"audioPlay":false,"sceneViewState":{"showFog":true,"showMaterialUpdate":false,"showSkybox":false,"showFlares":true,"showImageEffects":true,"showParticleSystems":true},"in2DMode":false,"pivot":{"x":-6.005269527435303,"y":-3.490922451019287,"z":54.01042938232422},"rotation":{"x":-0.04073769599199295,"y":0.05452558770775795,"z":-0.002225722186267376,"w":-0.9976826310157776},"size":30.97580337524414,"orthographic":false}