{"cameraMode":{"drawMode":0,"name":"Shaded","section":"Shading Mode"},"sceneLighting":false,"audioPlay":false,"sceneViewState":{"showFog":true,"showMaterialUpdate":false,"showSkybox":false,"showFlares":true,"showImageEffects":true,"showParticleSystems":true},"in2DMode":false,"pivot":{"x":4.411537170410156,"y":0.875455915927887,"z":-0.010230779647827149},"rotation":{"x":-0.016801176592707635,"y":0.0305881779640913,"z":-0.0005142648587934673,"w":-0.9993923902511597},"size":0.7290791273117065,"orthographic":false}