{"cameraMode":{"drawMode":0,"name":"Shaded","section":"Shading Mode"},"sceneLighting":true,"audioPlay":false,"sceneViewState":{"showFog":true,"showMaterialUpdate":false,"showSkybox":false,"showFlares":true,"showImageEffects":true,"showParticleSystems":true},"in2DMode":false,"pivot":{"x":-5.899664878845215,"y":-6.661753177642822,"z":105.01189422607422},"rotation":{"x":-0.05276317894458771,"y":0.02905281074345112,"z":-0.001535449642688036,"w":-0.9981861114501953},"size":56.059967041015628,"orthographic":false}