{"cameraMode":{"drawMode":0,"name":"Shaded","section":"Shading Mode"},"sceneLighting":true,"audioPlay":false,"sceneViewState":{"showFog":true,"showMaterialUpdate":false,"showSkybox":false,"showFlares":true,"showImageEffects":true,"showParticleSystems":true},"in2DMode":false,"pivot":{"x":-1.0992637872695923,"y":0.2995039224624634,"z":-5.312002182006836},"rotation":{"x":-0.04073769599199295,"y":0.05452558770775795,"z":-0.002225722186267376,"w":-0.9976826310157776},"size":6.767685413360596,"orthographic":false}