{"cameraMode":{"drawMode":0,"name":"Shaded","section":"Shading Mode"},"sceneLighting":true,"audioPlay":false,"sceneViewState":{"showFog":true,"showMaterialUpdate":false,"showSkybox":false,"showFlares":true,"showImageEffects":true,"showParticleSystems":true},"in2DMode":false,"pivot":{"x":-5.935091495513916,"y":-2.9779067039489748,"z":16.772401809692384},"rotation":{"x":-0.07323550432920456,"y":0.7616403698921204,"z":-0.08744405210018158,"w":-0.6378828287124634},"size":6.351413249969482,"orthographic":false}