{"cameraMode":{"drawMode":0,"name":"Shaded","section":"Shading Mode"},"sceneLighting":true,"audioPlay":false,"sceneViewState":{"showFog":true,"showMaterialUpdate":false,"showSkybox":false,"showFlares":true,"showImageEffects":true,"showParticleSystems":true},"in2DMode":false,"pivot":{"x":-16.070751190185548,"y":5.339695453643799,"z":-10.519599914550782},"rotation":{"x":0.023639388382434846,"y":-0.0638425201177597,"z":-0.0015180276241153479,"w":-0.9976899027824402},"size":10.880895614624024,"orthographic":false}