{"cameraMode":{"drawMode":0,"name":"Shaded","section":"Shading Mode"},"sceneLighting":true,"audioPlay":false,"sceneViewState":{"showFog":true,"showMaterialUpdate":false,"showSkybox":false,"showFlares":true,"showImageEffects":true,"showParticleSystems":true},"in2DMode":false,"pivot":{"x":-3.3998429775238039,"y":-0.04111988842487335,"z":11.491421699523926},"rotation":{"x":-0.10352993756532669,"y":0.0423562191426754,"z":-0.004412293434143066,"w":-0.9937196969985962},"size":0.4339040517807007,"orthographic":false}