{"cameraMode":{"drawMode":0,"name":"Shaded","section":"Shading Mode"},"sceneLighting":true,"audioPlay":false,"sceneViewState":{"showFog":false,"showMaterialUpdate":false,"showSkybox":false,"showFlares":false,"showImageEffects":false,"showParticleSystems":false},"in2DMode":false,"pivot":{"x":-5.299019813537598,"y":1.017151117324829,"z":-0.9635829925537109},"rotation":{"x":-0.0029936742503196,"y":0.4260273575782776,"z":-0.0014113408979028464,"w":-0.9047096967697144},"size":10.919719696044922,"orthographic":false}