{"cameraMode":{"drawMode":0,"name":"Shaded","section":"Shading Mode"},"sceneLighting":true,"audioPlay":false,"sceneViewState":{"showFog":true,"showMaterialUpdate":false,"showSkybox":false,"showFlares":true,"showImageEffects":true,"showParticleSystems":true},"in2DMode":false,"pivot":{"x":-0.0437769889831543,"y":1.2206485271453858,"z":0.9368791580200195},"rotation":{"x":-0.10219167917966843,"y":0.3241161108016968,"z":-0.03524288907647133,"w":-0.9398215413093567},"size":4.906947135925293,"orthographic":false}