{"cameraMode":{"drawMode":0,"name":"Shaded","section":"Shading Mode"},"sceneLighting":true,"audioPlay":false,"sceneViewState":{"showFog":true,"showMaterialUpdate":false,"showSkybox":false,"showFlares":true,"showImageEffects":true,"showParticleSystems":true},"in2DMode":false,"pivot":{"x":-1.7330822944641114,"y":-1.0731587409973145,"z":-0.5332660675048828},"rotation":{"x":-0.2415495216846466,"y":0.2643347978591919,"z":-0.06856947392225266,"w":-0.9311707615852356},"size":7.9981608390808109,"orthographic":false}