{"cameraMode":{"drawMode":0,"name":"Shaded","section":"Shading Mode"},"sceneLighting":true,"audioPlay":false,"sceneViewState":{"showFog":true,"showMaterialUpdate":false,"showSkybox":false,"showFlares":true,"showImageEffects":true,"showParticleSystems":true},"in2DMode":false,"pivot":{"x":-17.42837142944336,"y":0.22517824172973634,"z":10.4734468460083},"rotation":{"x":-0.1042785793542862,"y":0.3056798577308655,"z":-0.03370213881134987,"w":-0.9458096027374268},"size":13.800816535949707,"orthographic":false}