{"cameraMode":{"drawMode":0,"name":"Shaded","section":"Shading Mode"},"sceneLighting":true,"audioPlay":false,"sceneViewState":{"showFog":true,"showMaterialUpdate":false,"showSkybox":false,"showFlares":true,"showImageEffects":true,"showParticleSystems":true},"in2DMode":false,"pivot":{"x":-5.127490043640137,"y":-9.207500457763672,"z":104.63361358642578},"rotation":{"x":-0.05276317894458771,"y":0.02905281074345112,"z":-0.001535449642688036,"w":-0.9981861114501953},"size":59.1794319152832,"orthographic":false}