{"cameraMode":{"drawMode":0,"name":"Shaded","section":"Shading Mode"},"sceneLighting":true,"audioPlay":false,"sceneViewState":{"showFog":true,"showMaterialUpdate":false,"showSkybox":false,"showFlares":true,"showImageEffects":true,"showParticleSystems":true},"in2DMode":false,"pivot":{"x":-4.2098822593688969,"y":-0.7744445204734802,"z":13.227147102355957},"rotation":{"x":-0.03310751914978027,"y":0.10832393914461136,"z":-0.0036096260882914068,"w":-0.9935593605041504},"size":11.592644691467286,"orthographic":false}