{"cameraMode":{"drawMode":0,"name":"Shaded","section":"Shading Mode"},"sceneLighting":true,"audioPlay":false,"sceneViewState":{"showFog":false,"showMaterialUpdate":false,"showSkybox":false,"showFlares":false,"showImageEffects":false,"showParticleSystems":false},"in2DMode":false,"pivot":{"x":-2.672226905822754,"y":-0.988680362701416,"z":7.444330215454102},"rotation":{"x":0.02238280698657036,"y":0.3273542523384094,"z":0.007755193393677473,"w":-0.9446103572845459},"size":10.919719696044922,"orthographic":false}